scenario,policy,final_energy_consumption,final_drop_rate,final_latency,total_handovers,handover_success_rate,kpi_violations,violated
extreme_rural,random,4.4846263,0.5334772415095801,14.1514635,868,0.9700460829493087,0,False
extreme_rural,final,4.473718,0.2666666666666664,12.82733,47,0.9787234042553191,0,False
extreme_rural,max_power,4.5866957,0.10000000000000002,11.807142,26,1.0,0,False
highway,random,3.7090373,0.8165679094760806,15.93313,2678,0.9626587005227782,18,True
highway,final,3.7164617,0.3167370241694533,14.168254,2083,0.9687950072011522,0,False
highway,max_power,3.8184025,0.36238086,13.0452385,889,0.9718785151856018,0,False
urban_macro,random,3.5514736,0.65763634,23.108202,2815,0.9509769094138544,7,True
urban_macro,final,3.5414505,0.2666666666666664,19.797752,1042,0.9769673704414588,0,False
urban_macro,max_power,3.6503842,0.37542844,19.404764,1307,0.9854628921193573,0,False
